URL,AllMessagesFlag
https://t.me/configV2rayNG,true
https://t.me/vpnmasi,true
https://t.me/iSeqaro,true
https://t.me/AliAlma_GSM,true
https://t.me/reality_daily,true
https://t.me/v2rayng_org,true
https://t.me/v2_vmess,true
https://t.me/PrivateVPNs,true
https://t.me/vmessq,true
https://t.me/ShadowSocks_s,true
https://t.me/V2Ray_FreedomIran,true
https://t.me/configV2rayForFree,true
https://t.me/Shadowlinkserverr,true
https://t.me/vmess_iran,true
https://t.me/v2RayChannel,true
https://t.me/HTTPCustomLand,true
https://t.me/FreeNet1500,true
https://t.me/vip_vpn_2022,true
https://t.me/YtTe3la,true
https://t.me/V2RayOxygen,true
https://t.me/VPN_443,true
https://t.me/v2rayng_v,true
https://t.me/ultrasurf_12,true
https://t.me/frev2ray,true
https://t.me/polproxy,true
https://t.me/v2rayvpnchannel,true
https://t.me/proxy_mtm,true
https://t.me/customv2ray,true
https://t.me/vpn_Nv1,true
https://t.me/v2rayng_vpnrog,true
https://t.me/ServerNett,true
https://t.me/VpnProsecc,true
https://t.me/FalconPolV2rayNG,true
https://t.me/ShadowProxy66,true
https://t.me/prrofile_purple,true
https://t.me/VlessConfig,true
https://t.me/V2raysFree,true
https://t.me/free1_vpn,true
https://t.me/vpn_xw,true
https://t.me/mehrosaboran,true
https://t.me/https_config_injector,true
https://t.me/V2rayng_Fast,true
https://t.me/shh_proxy,true
https://t.me/forwardv2ray,true
https://t.me/V2rayCollectorDonate,true
https://t.me/v2ray1_ng,true
https://t.me/Romax_VPN,true
https://t.me/teamkingo,true
https://t.me/iran_v2ray1,true
https://t.me/v2rayNgg_iran,true
https://t.me/ghalagyann,true
https://t.me/V2ray_Alpha,true
https://t.me/GH_v2rayng,true
https://t.me/icv2ray,true
https://t.me/SafeNetIR,true
https://t.me/SafeNet_Server,true
https://t.me/oneclickvpnkeys,true
https://t.me/DirectVPN,true
https://t.me/Parsashonam,true
https://t.me/VPN_SOLVE,true
https://t.me/Fr33C0nfig,true
https://t.me/iP_CF,true
https://t.me/hddify,true
https://t.me/s/configfa,true
https://t.me/s/PrivateVPNs,true
https://t.me/s/directvpn,true
https://t.me/s/shadowproxy66,true
https://t.me/s/ViProxys,true
https://t.me/s/v2ray_free_conf,true
https://t.me/s/heyatserver,true
https://t.me/s/prrofile_purple,true
https://t.me/s/vpnfail_vless,true
https://t.me/s/LonUp_M,true
https://t.me/s/ammar_taraz,true
https://t.me/s/antimeli,true
https://t.me/s/appsooner,true
https://t.me/s/argo_vpn1,true
https://t.me/s/argotaz,true
https://t.me/s/astrovpn_official,true
https://t.me/s/bored_vpn,true
https://t.me/s/chatbuzzteam,true
https://t.me/s/chestertm,true
https://t.me/s/configpositive,true
https://t.me/s/configshub2,true
https://t.me/s/configv2rayforfree,true
https://t.me/s/customv2ray,true
https://t.me/s/daily_configs,true
https://t.me/s/darkma3ter24,true
https://t.me/s/darkteam_vpn,true
https://t.me/s/daryaye_sorkhh,true
https://t.me/s/dns68,true
https://t.me/s/elfv2ray,true
https://t.me/s/entrynet,true
https://t.me/s/falcunargo,true
https://t.me/s/farahvpn,true
https://t.me/s/farhadvapeshop,true
https://t.me/s/fast_ss,true
https://t.me/s/filtershekan_channel,true
https://t.me/s/forwardv2ray,true
https://t.me/s/free1_vpn,true
https://t.me/s/free1ss,true
https://t.me/s/free_outline_keys,true
https://t.me/s/free_proxy_001,true
https://t.me/s/free_vpn02,true
https://t.me/s/freeconfigvpns,true
https://t.me/s/freenet,true
https://t.me/s/freev2ray2024,true
https://t.me/s/freev2rayi,true
https://t.me/s/freevpn3327,true
https://t.me/s/freevpnatm,true
https://t.me/s/frev2ray,true
https://t.me/s/fsv2ray,true
https://t.me/s/fxnodes,true
https://t.me/s/gh_v2rayng,true
https://t.me/s/ghalagyann,true
https://t.me/s/ghalagyann2,true
https://t.me/s/givevpn,true
https://t.me/s/gpair_vpn_pro2,true
https://t.me/s/hiddify_f,true
https://t.me/s/hormozvpn,true
https://t.me/s/icv2ray,true
https://t.me/s/idigitalz,true
https://t.me/s/info_2it_channel,true
https://t.me/s/invizibleprotm,true
https://t.me/s/ipv2rayng,true
https://t.me/s/ir_config_an,true
https://t.me/s/ir_proxyv2ray,true
https://t.me/s/iranmob_1,true
https://t.me/s/iranonline_news,true
https://t.me/s/iranray_vpn,true
https://t.me/s/iseqaro,true
https://t.me/s/javid_iran_vpn,true
https://t.me/s/juzibaipiao,true
https://t.me/s/kabirvpn,true
https://t.me/s/kayh_gng,true
https://t.me/s/leastping,true
https://t.me/s/lion_channel_vpn2,true
https://t.me/s/manzariyeh_rasht,true
https://t.me/s/mdvpnsec,true
https://t.me/s/mehrosaboran,true
https://t.me/s/mikasavpn,true
https://t.me/s/moft_vpn,true
https://t.me/s/moftinet,true
https://t.me/s/mr_vpn123,true
https://t.me/s/msv2flyng,true
https://t.me/s/mtproxy22_v2ray,true
https://t.me/s/mtproxy_lists,true
https://t.me/s/net_x1,true
https://t.me/s/netaccount,true
https://t.me/s/new_mtproxi2,true
https://t.me/s/nimbaham,true
https://t.me/s/nitrovpne,true
https://t.me/s/noviin_tel,true
https://t.me/s/npvv2rayfilter,true
https://t.me/s/outline_ir,true
https://t.me/s/parsashonam,true
https://t.me/s/proxy_emperor,true
https://t.me/s/proxy_iranv2,true
https://t.me/s/proxy_kafee,true
https://t.me/s/proxyfacts,true
https://t.me/s/proxystore11,true
https://t.me/s/psiphonf,true
https://t.me/s/qafor_1,true
https://t.me/s/sabz_v2ray,true
https://t.me/s/serverii,true
https://t.me/s/servernett,true
https://t.me/s/serversiran11,true
https://t.me/s/shadowsocks_s,true
https://t.me/s/shadowsockskeys,true
https://t.me/s/share_nodes,true
https://t.me/s/sharecentrepro,true
https://t.me/s/shh_proxy,true
https://t.me/s/singbox1,true
https://t.me/s/skivpn,true
https://t.me/s/soskeynet,true
https://t.me/s/sourcefreefilter,true
https://t.me/s/srcvpn,true
https://t.me/s/summertimeus,true
https://t.me/s/tehranargo,true
https://t.me/s/teleking_vip,true
https://t.me/s/tiger_hack_king,true
https://t.me/s/top2rayy,true
https://t.me/s/tunnelnim,true
https://t.me/s/ultrasurf_12,true
https://t.me/s/uvpn_org,true
https://t.me/s/v222ray,true
https://t.me/s/v2fre,true
https://t.me/s/v2mystery,true
https://t.me/s/v2proxy,true
https://t.me/s/v2rang_255,true
https://t.me/s/v2rang_da,true
https://t.me/s/v2range,true
https://t.me/s/v2ray1_ng,true
https://t.me/s/v2ray666,true
https://t.me/s/v2ray_alpha,true
https://t.me/s/v2ray_donya,true
https://t.me/s/v2ray_freedomiran,true
https://t.me/s/v2ray_rh,true
https://t.me/s/v2ray_shop_2,true
https://t.me/s/v2ray_sub,true
https://t.me/s/v2ray_v_vpn,true
https://t.me/s/v2ray_youtube,true
https://t.me/s/v2raycollectordonate,true
https://t.me/s/v2rayconfigamir,true
https://t.me/s/v2rayng_76,true
https://t.me/s/v2rayng_fast,true
https://t.me/s/v2rayng_lion,true
https://t.me/s/v2rayng_my2,true
https://t.me/s/v2rayng_nv,true
https://t.me/s/v2rayngcloud,true
https://t.me/s/v2rayngconfig,true
https://t.me/s/v2rayngim,true
https://t.me/s/v2rayngseven,true
https://t.me/s/v2rayopen,true
https://t.me/s/v2raytork,true
https://t.me/s/v2rayvlp,true
https://t.me/s/v2rayvpnchannel,true
https://t.me/s/v2rayyngvpn,true
https://t.me/s/v2rez,true
https://t.me/s/v2rfa,true
https://t.me/s/v2ry_proxy,true
https://t.me/s/v2vipchannel,true
https://t.me/s/vc_proxy,true
https://t.me/s/vein_vpn,true
https://t.me/s/vip_fragment_v2ray,true
https://t.me/s/vip_free_vpn02,true
https://t.me/s/vip_vpn_2022,true
https://t.me/s/vipv2rayngnp,true
https://t.me/s/vipvpnsia,true
https://t.me/s/vistav2ray,true
https://t.me/s/vlessconfig,true
https://t.me/s/vmess_iran,true
https://t.me/s/vmesskhodam,true
https://t.me/s/vmessorg,true
https://t.me/s/vpn_315,true
https://t.me/s/vpn_bal0uch,true
https://t.me/s/vpn_bu,true
https://t.me/s/vpn_v2ra_ng,true
https://t.me/s/vpnfreeaccounts,true
https://t.me/s/vpnmasi,true
https://t.me/s/vpnmega1,true
https://t.me/s/vpnplusee_free,true
https://t.me/s/vpnserverrr,true
https://t.me/s/vpnsshocean,true
https://t.me/s/vpnv2rayngv,true
https://t.me/s/webonim,true
https://t.me/s/wedbaznet,true
https://t.me/s/wedbazvpn,true
https://t.me/s/wolf_vpn02,true
https://t.me/s/xvproxy,true
https://t.me/s/xyzquantvpn,true
https://t.me/s/zibanabz,true
https://t.me/s/zotpo,true
https://t.me/s/zyfxlnn,true
https://t.me/s/oneclickvpnkeys,true
https://t.me/s/SafeNet_Server,true
https://t.me/s/lrnbymaa,true
https://t.me/s/proxy_mtm,true
https://t.me/s/V2rey_Hiddify,true
https://t.me/s/s0013_Official,true
https://t.me/s/V2ray_nima02,true
https://t.me/s/curetech,true
https://t.me/s/Suevpnx,true
https://t.me/s/Nfastvpnn,true
https://t.me/s/napsternetv,true
https://t.me/s/Alpha_V2ray_Iran,true
https://t.me/s/vpn_proxy666,true
https://t.me/s/xsfilternet,true
https://t.me/s/Hiidify_V2ray,true
https://t.me/s/ConfigWireguard,true
https://t.me/s/ConfigV2rayNG,true
https://t.me/s/CookVip,true
https://t.me/s/xsfilternetv2,true
https://t.me/s/AzadNet,true
https://t.me/s/v2nodes,true
https://t.me/configraygan,true
https://t.me/cicdoVPN,true
https://t.me/PewezaVPN,true
https://t.me/xsfilternet,true
https://t.me/CUSTOMIZEGP,true
https://t.me/chat_nakone,true
https://t.me/v2raygencon,true
https://t.me/shankamil,true
https://t.me/duckvp_n,true
https://t.me/AzadNet,true
https://t.me/NIM_VPN_ir,true
https://t.me/Porteqal3,true
https://t.me/VIPV2rayNGNP,true
https://t.me/meliproxyy,true
https://t.me/YamYamProxy,true
https://t.me/ConfigX2ray,true
https://t.me/SimChin_ir,true
https://t.me/v2rayNGcloud,true
https://t.me/v2rayng_fars,true
https://t.me/ZibaNabz,true
https://t.me/G0Dv2ray,true
https://t.me/V2ray20261,true
https://t.me/v2rayngcustom,true
https://t.me/stretten,true
https://t.me/net_cir,true
https://t.me/NetAccount,true
https://t.me/Alpha_V2ray_Iran,true
https://t.me/iproxy_Meli,true
https://t.me/xixv2ray,true
https://t.me/KurdConfing,true
https://t.me/Fourusvpn,true
https://t.me/netmelinpv,true
https://t.me/SudoFlux,true
https://t.me/taziyanteam,true
https://t.me/ProxyMmDFreak,true
https://t.me/farsiproxy,true
http://t.me/SudoFlux,true
https://t.me/vpnproxy_v2rayng,true
https://t.me/netmelli_free,true
https://t.me/BITXRADX,true
https://t.me/Ae_proxy,true
https://t.me/proxyovpn,true
https://t.me/darkproxy,true
https://t.me/Forall_Proxy,true
https://t.me/MTProxyStar,true
https://t.me/PinkProxy,true
https://t.me/iMTProto,true
https://t.me/ProxyMTProto_tel,true
https://t.me/mtmvpn,true
https://t.me/mtproto_ir,true
https://t.me/TelMTProto,true
https://t.me/hideproxi2,true
https://t.me/PyroProxy,true
https://t.me/UnlockProxy,true
https://t.me/hotspotproxy,true
https://t.me/mt_proxyis,true
https://t.me/drproxy_channel,true
https://t.me/iRoProxy,true
https://t.me/ProxyMTProto,true
